mvc.su/;mvc.su/66/66/6666cd76f96956469e7be39d750cc7d9.html
mvc.su/uslugi;mvc.su/49/cc/49cc668a146e7970379a9a5de81dc9e1.html
mvc.su/novosti;mvc.su/9c/db/9cdbb9d51be8d5a7c2b69a6cc229668a.html
mvc.su/kontakty;mvc.su/87/d8/87d8bc9100a25167b106cb40335d3ee4.html
mvc.su/australia;mvc.su/4b/1c/4b1c5ae708c146265cefd95f6d253108.html
mvc.su/austria;mvc.su/4c/a0/4ca0d91cb52007c73fc6e2a9144292c2.html
mvc.su/belgium;mvc.su/4b/1a/4b1a21552e020b0b93e4089c50a3d441.html
mvc.su/bulgaria;mvc.su/4a/62/4a62a8011a12cbb01830312ac56a0ff9.html
mvc.su/uk;mvc.su/d9/35/d935d80f7939bf3cd0b13150c242537a.html
mvc.su/hungary;mvc.su/0d/c3/0dc3cc34b579b87c1acb6470756bfb48.html
mvc.su/vietnam;mvc.su/2e/a0/2ea08176d16e28e693e2b9f945e884b8.html
mvc.su/germany;mvc.su/ea/92/ea9240200c92afd279b81ddb5e34daa2.html
mvc.su/greece;mvc.su/82/2e/822e565bcc013a46b7e8a0279cc464dd.html
mvc.su/denmark;mvc.su/12/6c/126c240b99d932a891931458924e9d47.html
mvc.su/india;mvc.su/e9/04/e90493ea9ed81e76897b2b823182c5ba.html
mvc.su/ireland;mvc.su/9e/25/9e25ede54f9979e683f831f06c09f46e.html
mvc.su/iceland;mvc.su/17/58/17582ef684f3a8eb5c99f8238673ca68.html
mvc.su/spain;mvc.su/0a/a6/0aa69e9bd2346faebb316a82a94ba5e5.html
mvc.su/italy;mvc.su/01/01/0101a7c68ba0cd2a5535b00adb28668b.html
mvc.su/canada;mvc.su/55/0f/550f67763b625c8f24dd4f7422936e47.html
mvc.su/cyprus;mvc.su/22/d9/22d90a195a85aa6aac0d8ea78d98bb68.html
mvc.su/china;mvc.su/e3/bc/e3bc54e757320a959f3b26d7fd467577.html
mvc.su/latvia;mvc.su/4b/ed/4bed1c7019675a19f900969b264bfed3.html
mvc.su/lithuania;mvc.su/ee/1a/ee1abac4f6e8c37f7e1c5ec2aa019282.html
mvc.su/malta;mvc.su/cb/80/cb802da2b6470a9ed768d4136bf2d4b3.html
mvc.su/mexico;mvc.su/0b/2d/0b2d860fa5e084538277984bbb1a4117.html
mvc.su/netherlands;mvc.su/ce/4d/ce4de0b1257a7306a0826381a4132a48.html
mvc.su/new-zealand;mvc.su/b6/23/b623e4ee18ce3753b1e42d1eda20766f.html
mvc.su/norway;mvc.su/5f/23/5f23eb7f2d63e663a9c735958b7d634b.html
mvc.su/poland;mvc.su/58/3a/583ad1b003400475aca6ca0939b3deec.html
mvc.su/portugal;mvc.su/0a/53/0a53f366845bbadda35f7a2cc277c210.html
mvc.su/romania;mvc.su/6e/cf/6ecf130c3e762082b0027539c1878b8f.html
mvc.su/singapore;mvc.su/f7/91/f791f243517349f7708181219d60b62c.html
mvc.su/slovakia;mvc.su/1c/61/1c617c6651a787e635372575305c411e.html
mvc.su/slovenia;mvc.su/04/f3/04f33d4b320e179182f491c79f269b4e.html
mvc.su/usa;mvc.su/1e/c6/1ec6a16b293f754fa84eaf8da03aec82.html
mvc.su/thailand;mvc.su/0d/1b/0d1bf8900ef4646af332360b4032a341.html
mvc.su/taiwan;mvc.su/78/5a/785ad15b5fb4c73438f4cafbe6ef565b.html
mvc.su/finland;mvc.su/ac/b6/acb672325844b7513bffd7fa927e0a75.html
mvc.su/france;mvc.su/2e/4e/2e4e016a87762e553e8092151a9c5e12.html
mvc.su/croatia;mvc.su/3b/a6/3ba6b733a44179a0a81d754bbb61ba99.html
mvc.su/czech;mvc.su/d7/93/d793c96491d898434c2a98220f49e1fe.html
mvc.su/switzerland;mvc.su/4f/76/4f769ab1991cecc1158f7827b6b7027d.html
mvc.su/sweden;mvc.su/c2/c3/c2c382d8b585e22a94db040394c83cdb.html
mvc.su/estonia;mvc.su/94/99/94996636db21786e575f4398c6c2ad89.html
mvc.su/japan;mvc.su/3e/02/3e02e8fbe5667e8d6bb4b46c207e114a.html
mvc.su/uslugi/pomogaem-oformit-zagranpasport;mvc.su/70/45/7045dfe1e19ea33ecd86d66714a22ec5.html
mvc.su/uslugi/srocnoe-foto-na-dokumenty;mvc.su/5b/56/5b56bcae2ac8d5ca00491deb80559ac4.html
mvc.su/uslugi/vizy-vo-vse-strany-mira;mvc.su/d8/97/d8971621eb408bc48542ffda22930739.html
mvc.su/uslugi/oformlaem-medicinskoe-strahovanie;mvc.su/15/80/158012e245633197b2d851a1ee5d2451.html
mvc.su/uslugi/nahodim-lucsie-ceny-na-aviabilety;mvc.su/c8/62/c862648a692bc1a2c5bdc372b6dae1f1.html
mvc.su/uslugi/broniruem-dla-vas-oteli-i-aviabilety;mvc.su/4f/d8/4fd89abf5d6c04dcad2ffc332cb2eb70.html
mvc.su/uslugi/avtostrahovanie;mvc.su/41/8e/418e67980e724a3f7daba518d238c321.html
mvc.su/uslugi/notarialnyj-perevod-pasporta;mvc.su/87/8a/878a4ed21fc24a7220e93af3545db51b.html
mvc.su/uslugi/oformlenie-patenta;mvc.su/2b/b0/2bb0090977fc84d7d850eabd828256be.html
mvc.su/uslugi/vremennaa-registraciamigracionnyj-ucet;mvc.su/2d/00/2d00707546b4ebf4e624b46a91cea155.html
mvc.su/uslugi/rvp;mvc.su/6e/3f/6e3fae24e570d695af3dccfceae6df38.html
mvc.su/uslugi/vnz;mvc.su/6f/35/6f35b772899149092d1ad037c5f665a2.html
mvc.su/uslugi/polucenie-grazdanstva;mvc.su/98/b1/98b1c2baa3bac0e8c4e445a5cb6ec2fb.html
mvc.su/uslugi/med-komissia-dla-rvp-vnz-grazdanstva;mvc.su/f2/94/f294ec3854a9098f2f66ef480a20bd66.html
mvc.su/uslugi/ekzameny-rpv-vnz-grazdanstvo;mvc.su/28/c0/28c06e16a83bb210b0fb7c27b3f97d45.html
mvc.su/assets/84ef36a4/jquery.min.js?v=1506337539;mvc.su/assets/84ef36a4/jquery.min.js
mvc.su/static/js/yii.min.js?v=1506364864;mvc.su/static/js/yii.min.js
mvc.su/static/js/yii.validation.min.js?v=1506364864;mvc.su/static/js/yii.validation.min.js
mvc.su/assets/ffade524/jquery.inputmask.bundle.js?v=1506337937;mvc.su/assets/ffade524/jquery.inputmask.bundle.js
mvc.su/static/js/yii.activeForm.min.js?v=1506364863;mvc.su/static/js/yii.activeForm.min.js
mvc.su/static/js/jquery.pjax.min.js?v=1506364863;mvc.su/static/js/jquery.pjax.min.js
mvc.su/assets/4e2beb73/js/bootstrap.min.js?v=1506337539;mvc.su/assets/4e2beb73/js/bootstrap.min.js
mvc.su/static/js/app.min.js?v=1516636369;mvc.su/static/js/app.min.js
mvc.su/static/js/plugins/TweenMax.min.js?v=1506878650;mvc.su/static/js/plugins/TweenMax.min.js
mvc.su/static/js/plugins/ScrollToPlugin.min.js?v=1506878650;mvc.su/static/js/plugins/ScrollToPlugin.min.js
mvc.su/assets/4e2beb73/css/bootstrap.min.css?v=1506337539;mvc.su/assets/4e2beb73/css/bootstrap.min.css
mvc.su/static/css/styles.min.css?v=1536317098;mvc.su/static/css/styles.min.css
mvc.su/static/img/logo.svg;mvc.su/static/img/logo.svg
mvc.su/static/img/feature/visa.svg;mvc.su/static/img/feature/visa.svg
mvc.su/static/img/feature/bio.svg;mvc.su/static/img/feature/bio.svg
mvc.su/static/img/feature/sand.svg;mvc.su/static/img/feature/sand.svg
mvc.su/static/img/feature/binoculars.svg;mvc.su/static/img/feature/binoculars.svg
mvc.su/static/img/specialists/personazh_1.png;mvc.su/static/img/specialists/personazh_1.png
mvc.su/static/img/specialists/personazh_2.png;mvc.su/static/img/specialists/personazh_2.png
mvc.su/static/img/puzzle/pazl_1.svg;mvc.su/static/img/puzzle/pazl_1.svg
mvc.su/static/img/puzzle/pazl_2.svg;mvc.su/static/img/puzzle/pazl_2.svg
mvc.su/static/img/puzzle/pazl_3.svg;mvc.su/static/img/puzzle/pazl_3.svg
mvc.su/static/img/puzzle/pazl_4.svg;mvc.su/static/img/puzzle/pazl_4.svg
mvc.su/novosti/sengenskaa-viza-vo-franciu-sroki-oformlenia;mvc.su/c9/30/c930cf47e29ddd0ce2f4add04f106812.html
mvc.su/novosti/stoimost-oformlenia-sengenskoj-vizy-v-ispaniu;mvc.su/4b/bc/4bbcb6deffc818f7b780fe99d32a346c.html
mvc.su/novosti/dokumenty-dla-oformlenia-vizy-v-italiu;mvc.su/e1/4c/e14cfcf421c046d61bc626238da67c0e.html
mvc.su/novosti/oformlenie-vizy-dla-otdyha-v-cehii;mvc.su/38/c8/38c840197fe7d80d5cb5448dd7bee494.html
mvc.su/novosti/oformlenie-rabocej-vizy-v-krasnodare;mvc.su/55/2e/552e628906770a27f4b40ab6c168fcd0.html
mvc.su/novosti/vremennaa-registracia-v-krasnodare;mvc.su/8f/9b/8f9bc9a87986630d1f03349fddbf017c.html
mvc.su/novosti/viza-v-finlandiu-v-krasnodare-vizovyj-centr;mvc.su/50/40/504090e2b39321c3c71a877a5c0cd09e.html
mvc.su/novosti/viza-v-ssa-v-krasnodare-turisticeskaa-rabocaa;mvc.su/2d/55/2d55be98395d9dd48616aab5681ea5a9.html
mvc.su/novosti/oformlenie-vizy-v-kitaj-v-krasnodare;mvc.su/01/c9/01c9ef0029ea7b523313fcab0444570f.html
mvc.su/novosti/oformit-sengenskuu-vizu-v-krasnodare;mvc.su/ee/c7/eec730ba65d8610ea51c32d80c19a5dc.html
mvc.su/novosti/oformlenie-vizy-v-germaniu-po-priglaseniu;mvc.su/f3/69/f3692d14ab423477eefb494d3acb8ecf.html
mvc.su/novosti/viza-v-italiu-v-krasnodare;mvc.su/a3/a6/a3a638769489045e2b7c08986d7e2738.html
mvc.su/novosti/oformit-zagranpasport-v-krasnodare;mvc.su/0e/f6/0ef67e2bf9bf1db650a758bddde9ccc0.html
mvc.su/novosti/vizovyj-centr-v-krasnodare;mvc.su/7e/8d/7e8d93d67c639741b7ce41ff7763df90.html
mvc.su/novosti/patent-na-rabotu-v-krasnodare;mvc.su/07/fa/07fa78fd232d4c6a68cb98c6241379ef.html
mvc.su/novosti/kak-polucit-kvotu-na-rvp-v-krasnodare;mvc.su/86/1d/861d9eb8158336bf07b5808007c54827.html
mvc.su/novosti/ekzameny-dla-rvp-vnz-i-grazdanstva-v-krasnodare;mvc.su/88/7d/887ddad1e4d38b8cd17dc48427572ad1.html
mvc.su/novosti/medicinskij-strahovoj-polis-dla-inostrannyh-grazdan;mvc.su/62/28/62287c6f5cc07e0b0515d0ca9fecbb4a.html
mvc.su/static/uploads/documents/6512bd43d9caa6e02c990b0a82652dca/Australia_1506508395.jpg;mvc.su/static/uploads/documents/6512bd43d9caa6e02c990b0a82652dca/Australia_1506508395.jpg
mvc.su/static/uploads/documents/c20ad4d76fe97759aa27a0c99bff6710/austria_1506511777.jpg;mvc.su/static/uploads/documents/c20ad4d76fe97759aa27a0c99bff6710/austria_1506511777.jpg
mvc.su/static/uploads/documents/c51ce410c124a10e0db5e4b97fc2af39/Belgium_1506512221.jpg;mvc.su/static/uploads/documents/c51ce410c124a10e0db5e4b97fc2af39/Belgium_1506512221.jpg
mvc.su/static/uploads/documents/aab3238922bcc25a6f606eb525ffdc56/Bulgaria_1506512708.jpg;mvc.su/static/uploads/documents/aab3238922bcc25a6f606eb525ffdc56/Bulgaria_1506512708.jpg
mvc.su/static/uploads/documents/9bf31c7ff062936a96d3c8bd1f8f2ff3/uk_1506513923.jpg;mvc.su/static/uploads/documents/9bf31c7ff062936a96d3c8bd1f8f2ff3/uk_1506513923.jpg
mvc.su/static/uploads/documents/c74d97b01eae257e44aa9d5bade97baf/Hungary_1506514196.jpg;mvc.su/static/uploads/documents/c74d97b01eae257e44aa9d5bade97baf/Hungary_1506514196.jpg
mvc.su/static/uploads/documents/70efdf2ec9b086079795c442636b55fb/Vietnam_1506514534.jpg;mvc.su/static/uploads/documents/70efdf2ec9b086079795c442636b55fb/Vietnam_1506514534.jpg
mvc.su/static/uploads/documents/6f4922f45568161a8cdf4ad2299f6d23/Germany_1506686378.jpg;mvc.su/static/uploads/documents/6f4922f45568161a8cdf4ad2299f6d23/Germany_1506686378.jpg
mvc.su/static/uploads/documents/1f0e3dad99908345f7439f8ffabdffc4/Greece_1506515941.jpg;mvc.su/static/uploads/documents/1f0e3dad99908345f7439f8ffabdffc4/Greece_1506515941.jpg
mvc.su/static/uploads/documents/98f13708210194c475687be6106a3b84/Denmark_1506516479.jpg;mvc.su/static/uploads/documents/98f13708210194c475687be6106a3b84/Denmark_1506516479.jpg
mvc.su/static/uploads/documents/3c59dc048e8850243be8079a5c74d079/India_1506516833.jpg;mvc.su/static/uploads/documents/3c59dc048e8850243be8079a5c74d079/India_1506516833.jpg
mvc.su/static/uploads/documents/b6d767d2f8ed5d21a44b0e5886680cb9/Ireland_1506694015.jpg;mvc.su/static/uploads/documents/b6d767d2f8ed5d21a44b0e5886680cb9/Ireland_1506694015.jpg
mvc.su/static/uploads/documents/37693cfc748049e45d87b8c7d8b9aacd/Iceland_1506694982.jpg;mvc.su/static/uploads/documents/37693cfc748049e45d87b8c7d8b9aacd/Iceland_1506694982.jpg
mvc.su/static/uploads/documents/1ff1de774005f8da13f42943881c655f/Spain_1506679994.jpg;mvc.su/static/uploads/documents/1ff1de774005f8da13f42943881c655f/Spain_1506679994.jpg
mvc.su/static/uploads/documents/8e296a067a37563370ded05f5a3bf3ec/Italy_1506680328.jpg;mvc.su/static/uploads/documents/8e296a067a37563370ded05f5a3bf3ec/Italy_1506680328.jpg
mvc.su/static/uploads/documents/4e732ced3463d06de0ca9a15b6153677/Canada_1506680417.jpg;mvc.su/static/uploads/documents/4e732ced3463d06de0ca9a15b6153677/Canada_1506680417.jpg
mvc.su/static/uploads/documents/02e74f10e0327ad868d138f2b4fdd6f0/Cyprus_1506680547.jpg;mvc.su/static/uploads/documents/02e74f10e0327ad868d138f2b4fdd6f0/Cyprus_1506680547.jpg
mvc.su/static/uploads/documents/33e75ff09dd601bbe69f351039152189/China_1506680975.jpg;mvc.su/static/uploads/documents/33e75ff09dd601bbe69f351039152189/China_1506680975.jpg
mvc.su/static/uploads/documents/6ea9ab1baa0efb9e19094440c317e21b/Latvia_1506696057.jpg;mvc.su/static/uploads/documents/6ea9ab1baa0efb9e19094440c317e21b/Latvia_1506696057.jpg
mvc.su/static/uploads/documents/34173cb38f07f89ddbebc2ac9128303f/Lithuania_1506681325.jpg;mvc.su/static/uploads/documents/34173cb38f07f89ddbebc2ac9128303f/Lithuania_1506681325.jpg
mvc.su/static/uploads/documents/c16a5320fa475530d9583c34fd356ef5/Malta_1506681391.jpg;mvc.su/static/uploads/documents/c16a5320fa475530d9583c34fd356ef5/Malta_1506681391.jpg
mvc.su/static/uploads/documents/6364d3f0f495b6ab9dcf8d3b5c6e0b01/Mexico_1506681466.jpg;mvc.su/static/uploads/documents/6364d3f0f495b6ab9dcf8d3b5c6e0b01/Mexico_1506681466.jpg
mvc.su/static/uploads/documents/182be0c5cdcd5072bb1864cdee4d3d6e/Netherlands_1506681614.jpg;mvc.su/static/uploads/documents/182be0c5cdcd5072bb1864cdee4d3d6e/Netherlands_1506681614.jpg
mvc.su/static/uploads/documents/e369853df766fa44e1ed0ff613f563bd/NewZealand_1506683283.jpg;mvc.su/static/uploads/documents/e369853df766fa44e1ed0ff613f563bd/NewZealand_1506683283.jpg
mvc.su/static/uploads/documents/1c383cd30b7c298ab50293adfecb7b18/Norway_1506683420.jpg;mvc.su/static/uploads/documents/1c383cd30b7c298ab50293adfecb7b18/Norway_1506683420.jpg
mvc.su/static/uploads/documents/a5bfc9e07964f8dddeb95fc584cd965d/Poland_1506683622.jpg;mvc.su/static/uploads/documents/a5bfc9e07964f8dddeb95fc584cd965d/Poland_1506683622.jpg
mvc.su/static/uploads/documents/a5771bce93e200c36f7cd9dfd0e5deaa/Portugal_1506683821.jpg;mvc.su/static/uploads/documents/a5771bce93e200c36f7cd9dfd0e5deaa/Portugal_1506683821.jpg
mvc.su/static/uploads/documents/d67d8ab4f4c10bf22aa353e27879133c/Romania_1506683971.jpg;mvc.su/static/uploads/documents/d67d8ab4f4c10bf22aa353e27879133c/Romania_1506683971.jpg
mvc.su/static/uploads/documents/d645920e395fedad7bbbed0eca3fe2e0/Singapore_1506684062.jpg;mvc.su/static/uploads/documents/d645920e395fedad7bbbed0eca3fe2e0/Singapore_1506684062.jpg
mvc.su/static/uploads/documents/3416a75f4cea9109507cacd8e2f2aefc/Slovakia_1506684111.jpg;mvc.su/static/uploads/documents/3416a75f4cea9109507cacd8e2f2aefc/Slovakia_1506684111.jpg
mvc.su/static/uploads/documents/a1d0c6e83f027327d8461063f4ac58a6/Slovenia_1506684233.jpg;mvc.su/static/uploads/documents/a1d0c6e83f027327d8461063f4ac58a6/Slovenia_1506684233.jpg
mvc.su/static/uploads/documents/17e62166fc8586dfa4d1bc0e1742c08b/usa_1506684274.jpg;mvc.su/static/uploads/documents/17e62166fc8586dfa4d1bc0e1742c08b/usa_1506684274.jpg
mvc.su/static/uploads/documents/6c8349cc7260ae62e3b1396831a8398f/Thailand_1506684331.jpg;mvc.su/static/uploads/documents/6c8349cc7260ae62e3b1396831a8398f/Thailand_1506684331.jpg
mvc.su/static/uploads/documents/f7177163c833dff4b38fc8d2872f1ec6/Taiwan_1506684507.jpg;mvc.su/static/uploads/documents/f7177163c833dff4b38fc8d2872f1ec6/Taiwan_1506684507.jpg
mvc.su/static/uploads/documents/67c6a1e7ce56d3d6fa748ab6d9af3fd7/Finland_1506684705.jpg;mvc.su/static/uploads/documents/67c6a1e7ce56d3d6fa748ab6d9af3fd7/Finland_1506684705.jpg
mvc.su/static/uploads/documents/642e92efb79421734881b53e1e1b18b6/France_1506684881.jpg;mvc.su/static/uploads/documents/642e92efb79421734881b53e1e1b18b6/France_1506684881.jpg
mvc.su/static/uploads/documents/f457c545a9ded88f18ecee47145a72c0/Croatia_1506685087.jpg;mvc.su/static/uploads/documents/f457c545a9ded88f18ecee47145a72c0/Croatia_1506685087.jpg
mvc.su/static/uploads/documents/c0c7c76d30bd3dcaefc96f40275bdc0a/Czech_1506685133.jpg;mvc.su/static/uploads/documents/c0c7c76d30bd3dcaefc96f40275bdc0a/Czech_1506685133.jpg
mvc.su/static/uploads/documents/2838023a778dfaecdc212708f721b788/Switzerland_1506685286.jpg;mvc.su/static/uploads/documents/2838023a778dfaecdc212708f721b788/Switzerland_1506685286.jpg
mvc.su/static/uploads/documents/9a1158154dfa42caddbd0694a4e9bdc8/Sweden_1506685382.jpg;mvc.su/static/uploads/documents/9a1158154dfa42caddbd0694a4e9bdc8/Sweden_1506685382.jpg
mvc.su/static/uploads/documents/a684eceee76fc522773286a895bc8436/Estonia_1506685497.jpg;mvc.su/static/uploads/documents/a684eceee76fc522773286a895bc8436/Estonia_1506685497.jpg
mvc.su/static/uploads/documents/b53b3a3d6ab90ce0268229151c9bde11/Japan_1506685630.jpg;mvc.su/static/uploads/documents/b53b3a3d6ab90ce0268229151c9bde11/Japan_1506685630.jpg
mvc.su/static/uploads/temp/primer-photo.png;mvc.su/static/uploads/temp/primer-photo.png
mvc.su/static/uploads/temp/primer-pravilnogo-foto.jpg;mvc.su/static/uploads/temp/primer-pravilnogo-foto.jpg
mvc.su/static/uploads/temp/patent-primer.png;mvc.su/static/uploads/temp/patent-primer.png
mvc.su/assets/4e2beb73/fonts/glyphicons-halflings-regular.eot;mvc.su/assets/4e2beb73/fonts/glyphicons-halflings-regular.eot
mvc.su/assets/4e2beb73/fonts/glyphicons-halflings-regular.woff2;mvc.su/assets/4e2beb73/fonts/glyphicons-halflings-regular.woff2
mvc.su/assets/4e2beb73/fonts/glyphicons-halflings-regular.woff;mvc.su/assets/4e2beb73/fonts/glyphicons-halflings-regular.woff
mvc.su/assets/4e2beb73/fonts/glyphicons-halflings-regular.ttf;mvc.su/assets/4e2beb73/fonts/glyphicons-halflings-regular.ttf
mvc.su/assets/4e2beb73/fonts/glyphicons-halflings-regular.svg;mvc.su/assets/4e2beb73/fonts/glyphicons-halflings-regular.svg
mvc.su/static/fonts/mvc-visa.eot;mvc.su/static/fonts/mvc-visa.eot
mvc.su/static/fonts/mvc-visa.woff;mvc.su/static/fonts/mvc-visa.woff
mvc.su/static/fonts/mvc-visa.ttf;mvc.su/static/fonts/mvc-visa.ttf
mvc.su/static/fonts/mvc-visa.svg;mvc.su/static/fonts/mvc-visa.svg
mvc.su/static/img/bg-no-trouble.jpg;mvc.su/static/img/bg-no-trouble.jpg
mvc.su/static/img/stars-line.svg;mvc.su/static/img/stars-line.svg
mvc.su/static/img/form-shadow.png;mvc.su/static/img/form-shadow.png
mvc.su/static/img/select-arrow.png;mvc.su/static/img/select-arrow.png
mvc.su/static/img/numbers-line.svg;mvc.su/static/img/numbers-line.svg
mvc.su/static/img/plane.png;mvc.su/static/img/plane.png
mvc.su/static/img/watch.jpg;mvc.su/static/img/watch.jpg
mvc.su/static/img/arrows/arrow-1.svg;mvc.su/static/img/arrows/arrow-1.svg
mvc.su/static/img/arrows/arrow-2.svg;mvc.su/static/img/arrows/arrow-2.svg
mvc.su/static/img/arrows/arrow-3.svg;mvc.su/static/img/arrows/arrow-3.svg
mvc.su/static/img/arrows/arrow-4.svg;mvc.su/static/img/arrows/arrow-4.svg
mvc.su/static/img/arrows/arrow-5.svg;mvc.su/static/img/arrows/arrow-5.svg
mvc.su/static/img/arrows/arrow-6.svg;mvc.su/static/img/arrows/arrow-6.svg
mvc.su/static/img/world_map.jpg;mvc.su/static/img/world_map.jpg
